DROP TABLE IF EXISTS `comunas`;

CREATE TABLE `comunas` (
  `id` int(11) NOT NULL AUTO_INCREMENT,
  `comuna` varchar(64) NOT NULL,
  `region_id` int(11) NOT NULL,
  `provincia_id` int(11) NOT NULL,
  PRIMARY KEY (`id`)
) AUTO_INCREMENT=346 DEFAULT CHARSET=utf8;

INSERT INTO `comunas` (`id`,`comuna`,`region_id`,`provincia_id`)
VALUES
	(1,'Arica',1,1),
	(2,'Camarones',1,1),
	(3,'General Lagos',1,2),
	(4,'Putre',1,2),
	(5,'Alto Hospicio',2,3),
	(6,'Iquique',2,3),
	(7,'Camiña',2,4),
	(8,'Colchane',2,4),
	(9,'Huara',2,4),
	(10,'Pica',2,4),
	(11,'Pozo Almonte',2,4),
	(12,'Tocopilla',3,5),
	(13,'María Elena',3,5),
	(14,'Calama',3,6),
	(15,'Ollague',3,6),
	(16,'San Pedro de Atacama',3,6),
	(17,'Antofagasta',3,7),
	(18,'Mejillones',3,7),
	(19,'Sierra Gorda',3,7),
	(20,'Taltal',3,7),
	(21,'Chañaral',4,8),
	(22,'Diego de Almagro',4,8),
	(23,'Copiapó',4,9),
	(24,'Caldera',4,9),
	(25,'Tierra Amarilla',4,9),
	(26,'Vallenar',4,10),
	(27,'Alto del Carmen',4,10),
	(28,'Freirina',4,10),
	(29,'Huasco',4,10),
	(30,'La Serena',5,11),
	(31,'Coquimbo',5,11),
	(32,'Andacollo',5,11),
	(33,'La Higuera',5,11),
	(34,'Paihuano',5,11),
	(35,'Vicuña',5,11),
	(36,'Ovalle',5,12),
	(37,'Combarbalá',5,12),
	(38,'Monte Patria',5,12),
	(39,'Punitaqui',5,12),
	(40,'Río Hurtado',5,12),
	(41,'Illapel',5,13),
	(42,'Canela',5,13),
	(43,'Los Vilos',5,13),
	(44,'Salamanca',5,13),
	(45,'La Ligua',6,14),
	(46,'Cabildo',6,14),
	(47,'Zapallar',6,14),
	(48,'Papudo',6,14),
	(49,'Petorca',6,14),
	(50,'Los Andes',6,15),
	(51,'San Esteban',6,15),
	(52,'Calle Larga',6,15),
	(53,'Rinconada',6,15),
	(54,'San Felipe',6,16),
	(55,'Llaillay',6,16),
	(56,'Putaendo',6,16),
	(57,'Santa María',6,16),
	(58,'Catemu',6,16),
	(59,'Panquehue',6,16),
	(60,'Quillota',6,17),
	(61,'La Cruz',6,17),
	(62,'La Calera',6,17),
	(63,'Nogales',6,17),
	(64,'Hijuelas',6,17),
	(65,'Valparaíso',6,18),
	(66,'Viña del Mar',6,18),
	(67,'Concón',6,18),
	(68,'Quintero',6,18),
	(69,'Puchuncaví',6,18),
	(70,'Casablanca',6,18),
	(71,'Juan Fernández',6,18),
	(72,'San Antonio',6,19),
	(73,'Cartagena',6,19),
	(74,'El Tabo',6,19),
	(75,'El Quisco',6,19),
	(76,'Algarrobo',6,19),
	(77,'Santo Domingo',6,19),
	(78,'Isla de Pascua',6,20),
	(79,'Quilpué',6,21),
	(80,'Limache',6,21),
	(81,'Olmué',6,21),
	(82,'Villa Alemana',6,21),
	(83,'Colina',7,22),
	(84,'Lampa',7,22),
	(85,'Tiltil',7,22),
	(86,'Santiago',7,23),
	(87,'Vitacura',7,23),
	(88,'San Ramón',7,23),
	(89,'San Miguel',7,23),
	(90,'San Joaquín',7,23),
	(91,'Renca',7,23),
	(92,'Recoleta',7,23),
	(93,'Quinta Normal',7,23),
	(94,'Quilicura',7,23),
	(95,'Pudahuel',7,23),
	(96,'Providencia',7,23),
	(97,'Peñalolén',7,23),
	(98,'Pedro Aguirre Cerda',7,23),
	(99,'Ñuñoa',7,23),
	(100,'Maipú',7,23),
	(101,'Macul',7,23),
	(102,'Lo Prado',7,23),
	(103,'Lo Espejo',7,23),
	(104,'Lo Barnechea',7,23),
	(105,'Las Condes',7,23),
	(106,'La Reina',7,23),
	(107,'La Pintana',7,23),
	(108,'La Granja',7,23),
	(109,'La Florida',7,23),
	(110,'La Cisterna',7,23),
	(111,'Independencia',7,23),
	(112,'Huechuraba',7,23),
	(113,'Estación Central',7,23),
	(114,'El Bosque',7,23),
	(115,'Conchalí',7,23),
	(116,'Cerro Navia',7,23),
	(117,'Cerrillos',7,23),
	(118,'Puente Alto',7,24),
	(119,'San José de Maipo',7,24),
	(120,'Pirque',7,24),
	(121,'San Bernardo',7,25),
	(122,'Buin',7,25),
	(123,'Paine',7,25),
	(124,'Calera de Tango',7,25),
	(125,'Melipilla',7,26),
	(126,'Alhué',7,26),
	(127,'Curacaví',7,26),
	(128,'María Pinto',7,26),
	(129,'San Pedro',7,26),
	(130,'Isla de Maipo',7,27),
	(131,'El Monte',7,27),
	(132,'Padre Hurtado',7,27),
	(133,'Peñaflor',7,27),
	(134,'Talagante',7,27),
	(135,'Codegua',8,28),
	(136,'Coínco',8,28),
	(137,'Coltauco',8,28),
	(138,'Doñihue',8,28),
	(139,'Graneros',8,28),
	(140,'Las Cabras',8,28),
	(141,'Machalí',8,28),
	(142,'Malloa',8,28),
	(143,'Mostazal',8,28),
	(144,'Olivar',8,28),
	(145,'Peumo',8,28),
	(146,'Pichidegua',8,28),
	(147,'Quinta de Tilcoco',8,28),
	(148,'Rancagua',8,28),
	(149,'Rengo',8,28),
	(150,'Requínoa',8,28),
	(151,'San Vicente de Tagua Tagua',8,28),
	(152,'Chépica',8,29),
	(153,'Chimbarongo',8,29),
	(154,'Lolol',8,29),
	(155,'Nancagua',8,29),
	(156,'Palmilla',8,29),
	(157,'Peralillo',8,29),
	(158,'Placilla',8,29),
	(159,'Pumanque',8,29),
	(160,'San Fernando',8,29),
	(161,'Santa Cruz',8,29),
	(162,'La Estrella',8,30),
	(163,'Litueche',8,30),
	(164,'Marchigüe',8,30),
	(165,'Navidad',8,30),
	(166,'Paredones',8,30),
	(167,'Pichilemu',8,30),
	(168,'Curicó',9,31),
	(169,'Hualañé',9,31),
	(170,'Licantén',9,31),
	(171,'Molina',9,31),
	(172,'Rauco',9,31),
	(173,'Romeral',9,31),
	(174,'Sagrada Familia',9,31),
	(175,'Teno',9,31),
	(176,'Vichuquén',9,31),
	(177,'Talca',9,32),
	(178,'San Clemente',9,32),
	(179,'Pelarco',9,32),
	(180,'Pencahue',9,32),
	(181,'Maule',9,32),
	(182,'San Rafael',9,32),
	(183,'Curepto',9,33),
	(184,'Constitución',9,32),
	(185,'Empedrado',9,32),
	(186,'Río Claro',9,32),
	(187,'Linares',9,33),
	(188,'San Javier',9,33),
	(189,'Parral',9,33),
	(190,'Villa Alegre',9,33),
	(191,'Longaví',9,33),
	(192,'Colbún',9,33),
	(193,'Retiro',9,33),
	(194,'Yerbas Buenas',9,33),
	(195,'Cauquenes',9,34),
	(196,'Chanco',9,34),
	(197,'Pelluhue',9,34),
	(198,'Bulnes',10,35),
	(199,'Chillán',10,35),
	(200,'Chillán Viejo',10,35),
	(201,'El Carmen',10,35),
	(202,'Pemuco',10,35),
	(203,'Pinto',10,35),
	(204,'Quillón',10,35),
	(205,'San Ignacio',10,35),
	(206,'Yungay',10,35),
	(207,'Cobquecura',10,36),
	(208,'Coelemu',10,36),
	(209,'Ninhue',10,36),
	(210,'Portezuelo',10,36),
	(211,'Quirihue',10,36),
	(212,'Ránquil',10,36),
	(213,'Treguaco',10,36),
	(214,'San Carlos',10,37),
	(215,'Coihueco',10,37),
	(216,'San Nicolás',10,37),
	(217,'Ñiquén',10,37),
	(218,'San Fabián',10,37),
	(219,'Alto Biobío',11,38),
	(220,'Antuco',11,38),
	(221,'Cabrero',11,38),
	(222,'Laja',11,38),
	(223,'Los Ángeles',11,38),
	(224,'Mulchén',11,38),
	(225,'Nacimiento',11,38),
	(226,'Negrete',11,38),
	(227,'Quilaco',11,38),
	(228,'Quilleco',11,38),
	(229,'San Rosendo',11,38),
	(230,'Santa Bárbara',11,38),
	(231,'Tucapel',11,38),
	(232,'Yumbel',11,38),
	(233,'Concepción',11,39),
	(234,'Coronel',11,39),
	(235,'Chiguayante',11,39),
	(236,'Florida',11,39),
	(237,'Hualpén',11,39),
	(238,'Hualqui',11,39),
	(239,'Lota',11,39),
	(240,'Penco',11,39),
	(241,'San Pedro de La Paz',11,39),
	(242,'Santa Juana',11,39),
	(243,'Talcahuano',11,39),
	(244,'Tomé',11,39),
	(245,'Arauco',11,40),
	(246,'Cañete',11,40),
	(247,'Contulmo',11,40),
	(248,'Curanilahue',11,40),
	(249,'Lebu',11,40),
	(250,'Los Álamos',11,40),
	(251,'Tirúa',11,40),
	(252,'Angol',12,41),
	(253,'Collipulli',12,41),
	(254,'Curacautín',12,41),
	(255,'Ercilla',12,41),
	(256,'Lonquimay',12,41),
	(257,'Los Sauces',12,41),
	(258,'Lumaco',12,41),
	(259,'Purén',12,41),
	(260,'Renaico',12,41),
	(261,'Traiguén',12,41),
	(262,'Victoria',12,41),
	(263,'Temuco',12,42),
	(264,'Carahue',12,42),
	(265,'Cholchol',12,42),
	(266,'Cunco',12,42),
	(267,'Curarrehue',12,42),
	(268,'Freire',12,42),
	(269,'Galvarino',12,42),
	(270,'Gorbea',12,42),
	(271,'Lautaro',12,42),
	(272,'Loncoche',12,42),
	(273,'Melipeuco',12,42),
	(274,'Nueva Imperial',12,42),
	(275,'Padre Las Casas',12,42),
	(276,'Perquenco',12,42),
	(277,'Pitrufquén',12,42),
	(278,'Pucón',12,42),
	(279,'Saavedra',12,42),
	(280,'Teodoro Schmidt',12,42),
	(281,'Toltén',12,42),
	(282,'Vilcún',12,42),
	(283,'Villarrica',12,42),
	(284,'Valdivia',13,43),
	(285,'Corral',13,43),
	(286,'Lanco',13,43),
	(287,'Los Lagos',13,43),
	(288,'Máfil',13,43),
	(289,'Mariquina',13,43),
	(290,'Paillaco',13,43),
	(291,'Panguipulli',13,43),
	(292,'La Unión',13,44),
	(293,'Futrono',13,44),
	(294,'Lago Ranco',13,44),
	(295,'Río Bueno',13,44),
	(297,'Osorno',14,45),
	(298,'Puerto Octay',14,45),
	(299,'Purranque',14,45),
	(300,'Puyehue',14,45),
	(301,'Río Negro',14,45),
	(302,'San Juan de la Costa',14,45),
	(303,'San Pablo',14,45),
	(304,'Calbuco',14,46),
	(305,'Cochamó',14,46),
	(306,'Fresia',14,46),
	(307,'Frutillar',14,46),
	(308,'Llanquihue',14,46),
	(309,'Los Muermos',14,46),
	(310,'Maullín',14,46),
	(311,'Puerto Montt',14,46),
	(312,'Puerto Varas',14,46),
	(313,'Ancud',14,47),
	(314,'Castro',14,47),
	(315,'Chonchi',14,47),
	(316,'Curaco de Vélez',14,47),
	(317,'Dalcahue',14,47),
	(318,'Puqueldón',14,47),
	(319,'Queilén',14,47),
	(320,'Quellón',14,47),
	(321,'Quemchi',14,47),
	(322,'Quinchao',14,47),
	(323,'Chaitén',14,48),
	(324,'Futaleufú',14,48),
	(325,'Hualaihué',14,48),
	(326,'Palena',14,48),
	(327,'Lago Verde',15,49),
	(328,'Coihaique',15,49),
	(329,'Aysén',15,50),
	(330,'Cisnes',15,50),
	(331,'Guaitecas',15,50),
	(332,'Río Ibáñez',15,51),
	(333,'Chile Chico',15,51),
	(334,'Cochrane',15,52),
	(335,'O\'Higgins',15,52),
	(336,'Tortel',15,52),
	(337,'Natales',16,53),
	(338,'Torres del Paine',16,53),
	(339,'Laguna Blanca',16,54),
	(340,'Punta Arenas',16,54),
	(341,'Río Verde',16,54),
	(342,'San Gregorio',16,54),
	(343,'Porvenir',16,55),
	(344,'Primavera',16,55),
	(345,'Timaukel',16,55),
	(346,'Cabo de Hornos',16,56),
	(347,'Antártica',16,56);

	
	


DROP TABLE IF EXISTS `provincias`;

CREATE TABLE `provincias` (
  `id` int(11) NOT NULL AUTO_INCREMENT,
  `provincia` varchar(64) NOT NULL,
  `region_id` int(11) NOT NULL,
  PRIMARY KEY (`id`)
) AUTO_INCREMENT=54 DEFAULT CHARSET=utf8;

INSERT INTO `provincias` (`id`,`provincia`,`region_id`)
VALUES
	(1,'Arica',1),
	(2,'Parinacota',1),
	(3,'Iquique',2),
	(4,'El Tamarugal',2),
	(5,'Tocopilla',3),
	(6,'El Loa',3),
	(7,'Antofagasta',3),
	(8,'Chañaral',4),
	(9,'Copiapó',4),
	(10,'Huasco',4),
	(11,'Elqui',5),
	(12,'Limarí',5),
	(13,'Choapa',5),
 	(14,'Petorca',6),
	(15,'Los Andes',6),
 	(16,'San Felipe de Aconcagua',6),
 	(17,'Quillota',6),
	(18,'Valparaiso',6),
	(19,'San Antonio',6),
	(20,'Isla de Pascua',6),
	(21,'Marga Marga',6),
	(22,'Chacabuco',7),
	(23,'Santiago',7),
	(24,'Cordillera',7),
	(25,'Maipo',7),
	(26,'Melipilla',7),
	(27,'Talagante',7),
	(28,'Cachapoal',8),
	(29,'Colchagua',8),
	(30,'Cardenal Caro',8),
	(31,'Curicó',9),
	(32,'Talca',9),
 	(33,'Linares',9),
	(34,'Cauquenes',9),
	(35,'Diguillín',10),
	(36,'Itata',10),
	(37,'Punilla',10),
	(38,'Bio Bío',11),
	(39,'Concepción',11),
	(40,'Arauco',11),
	(41,'Malleco',12),
	(42,'Cautín',12),
	(43,'Valdivia',13),
	(44,'Ranco',13),
	(45,'Osorno',14),
	(46,'Llanquihue',14),
	(47,'Chiloé',14),
	(48,'Palena',14),
	(49,'Coyhaique',15),
	(50,'Aysén',15),
	(51,'General Carrera',15),
	(52,'Capitán Prat',15),
	(53,'Última Esperanza',16),
	(54,'Magallanes',16),
	(55,'Tierra del Fuego',16),
	(56,'Antártica Chilena',16);


DROP TABLE IF EXISTS `regiones`;

CREATE TABLE `regiones` (
  `id` int(11) NOT NULL AUTO_INCREMENT,
  `region` varchar(64) NOT NULL,
  `abreviatura` varchar(4) NOT NULL,
  `codigo_chilexpress` varchar(64) NOT NULL,
  PRIMARY KEY (`id`)
) AUTO_INCREMENT=16 DEFAULT CHARSET=utf8;

INSERT INTO `regiones` (`id`,`region`,`abreviatura`,`codigo_chilexpress`)
VALUES
	(1,'Arica y Parinacota','AP','R15'),
	(2,'Tarapacá','TA','R1'),
	(3,'Antofagasta','AN','R2'),
	(4,'Atacama','AT','R3'),
	(5,'Coquimbo','CO','R4'),
	(6,'Valparaiso','VA','R5'),
	(7,'Metropolitana de Santiago','RM','RM'),
	(8,'Libertador General Bernardo O\'Higgins','OH','R6'),
	(9,'Maule','MA','R7'),
	(10,'Ñuble','NB','R16'),
	(11,'Biobío','BI','R8'),
	(12,'La Araucanía','IAR','R9'),
	(13,'Los Ríos','LR','R14'),
	(14,'Los Lagos','LL','R10'),
	(15,'Aysén del General Carlos Ibáñez del Campo','AI','R11'),
	(16,'Magallanes y de la Antártica Chilena','MG','R12');